date,market,team,leads,customers,revenue,marketing_spend,labor_cost,supplier_cost,conversion_rate,cac,total_cost,contribution_margin,margin_pct,revenue_z,conversion_rate_z,cac_z,margin_pct_z,alert,alert_reason
2026-01-08,Austin,Sales,42,5,5127.24,1185.23,3980.22,2096.19,0.11904761904761904,237.046,7261.639999999999,-2134.3999999999996,-0.4162863450901459,-1.98527018932281,-2.083055246301743,3.052529608039943,-2.169005808890449,True,conversion below baseline; CAC above baseline; margin below baseline
2026-01-08,Austin,Marketing,73,4,5286.16,3734.96,3596.14,1953.4,0.0547945205479452,933.74,9284.5,-3998.34,-0.7563789215612089,-0.8709608053144235,-1.244192636562211,2.3802844224601385,-0.8869246641001046,True,CAC above baseline
2026-01-08,College Station,Sales,68,6,7391.67,1864.48,3257.49,2895.79,0.08823529411764706,310.74666666666667,8017.759999999999,-626.0899999999992,-0.0847021038547445,-0.6128625258972756,-2.3624553341521697,1.2910633948360544,-1.156523577363162,True,conversion below baseline
2026-01-08,Oklahoma City,Operations,68,4,6244.12,2505.02,4257.75,1493.18,0.058823529411764705,626.255,8255.95,-2011.8300000000008,-0.3221959219233456,-0.3348916358329236,-1.666272982818619,2.0990552051992517,0.3098900699207856,True,CAC above baseline
2026-01-09,Dallas-Fort Worth,Sales,41,6,5591.22,2087.21,3464.81,3170.37,0.14634146341463414,347.86833333333334,8722.39,-3131.169999999999,-0.5600155243399471,-1.186552140782829,-0.6284741561218787,1.409318288689126,-2.446281771475742,True,margin below baseline
2026-01-10,College Station,Marketing,65,3,2996.29,3455.79,2813.19,1325.18,0.046153846153846156,1151.93,7594.16,-4597.87,-1.5345210243334257,-1.520207301428476,-1.5097282847769897,5.319014557982044,-3.7487420621567007,True,CAC above baseline; margin below baseline
2026-01-12,Dallas-Fort Worth,Operations,32,3,3506.83,2170.93,3107.27,1241.1,0.09375,723.6433333333333,6519.299999999999,-3012.4699999999993,-0.8590293798102558,-1.2722294028156957,-0.5295679767902053,2.449456247805341,-1.1197385597903597,True,CAC above baseline
2026-01-12,Austin,Sales,44,8,10437.24,2444.82,3206.15,2041.0,0.18181818181818182,305.6025,7691.97,2745.2699999999995,0.2630264322751992,-0.20875984345690185,-0.14623426773942413,3.233936626321193,0.08149358897478184,True,CAC above baseline
2026-01-13,Dallas-Fort Worth,Operations,35,3,3705.54,1959.94,5574.34,1695.68,0.08571428571428572,653.3133333333334,9229.960000000001,-5524.420000000001,-1.4908542344705498,-1.0760890090231088,-0.7947525067528967,1.5227175080963031,-2.309326038244995,True,margin below baseline
2026-01-13,College Station,Operations,47,3,4302.69,1986.38,3700.88,2222.26,0.06382978723404255,662.1266666666667,7909.52,-3606.830000000001,-0.838273266259015,-0.697194738151076,-1.1234846329029136,2.6780059725025778,-0.5163072852109528,True,CAC above baseline
2026-01-13,Oklahoma City,Sales,46,5,5071.92,1077.04,2701.63,1420.16,0.10869565217391304,215.408,5198.83,-126.90999999999985,-0.025022082367229737,-1.4968360103797973,-3.0792805292311503,0.16121758801805786,-1.2178341925856946,True,conversion below baseline
2026-01-13,Oklahoma City,Operations,48,4,3916.94,2015.22,4971.15,1984.01,0.08333333333333333,503.805,8970.38,-5053.439999999999,-1.2901499640025118,-1.207301312075635,-0.7335165512384227,1.0280935564075202,-2.520261384081733,True,margin below baseline
2026-01-14,Austin,Operations,47,3,4163.42,840.33,5340.3,2429.68,0.06382978723404255,280.11,8610.31,-4446.889999999999,-1.0680858524962649,-1.7173128003358331,-2.2015033283024685,0.4621298228491116,-1.6395214291862188,True,conversion below baseline
2026-01-14,Oklahoma City,Marketing,48,4,4342.19,3551.8,3713.09,2437.2,0.08333333333333333,887.95,9702.09,-5359.900000000001,-1.234377123064629,-2.017623548240615,-1.3035611995960819,7.881702051713824,-4.128855974499561,True,revenue below baseline; CAC above baseline; margin below baseline
2026-01-15,College Station,Operations,59,3,3007.72,1733.07,5207.16,2160.3,0.05084745762711865,577.6899999999999,9100.529999999999,-6092.8099999999995,-2.025723804077507,-1.1351820317996686,-1.4484720244055562,1.5452837282021246,-2.749458291807539,True,margin below baseline
2026-01-15,Oklahoma City,Marketing,72,3,3060.98,4633.56,3523.93,1857.9,0.041666666666666664,1544.5200000000002,10015.39,-6954.41,-2.271955386836895,-2.043037087274375,-2.631346269589784,7.180731072620569,-4.813033513176662,True,revenue below baseline; conversion below baseline; CAC above baseline; margin below baseline
2026-01-16,Austin,Sales,41,6,6935.4,2001.61,3062.08,2788.54,0.14634146341463414,333.60166666666663,7852.23,-916.8299999999999,-0.13219569166882947,-1.2144881647762398,-1.1368490327294876,2.7653904984445035,-1.2463976242629682,True,CAC above baseline
2026-01-16,Austin,Operations,55,2,2228.89,636.67,4548.96,1925.44,0.03636363636363636,318.335,7111.07,-4882.18,-2.1904086787593826,-2.2442249792265327,-2.727387697490291,0.8601374233914033,-3.400060653757876,True,revenue below baseline; conversion below baseline; margin below baseline
2026-01-18,Dallas-Fort Worth,Operations,39,3,2834.62,1166.01,4760.69,1994.94,0.07692307692307693,388.67,7921.639999999999,-5087.0199999999995,-1.7946038622460858,-1.1520408518921152,-0.8274714123476744,-0.1960337215675921,-2.274931685675598,True,margin below baseline
2026-01-19,Austin,Operations,67,3,4075.66,1895.82,5032.53,1936.37,0.04477611940298507,631.9399999999999,8864.72,-4789.0599999999995,-1.1750391347659028,-1.269910742520039,-1.687415500431988,4.181567120392132,-1.206558858913878,True,CAC above baseline
2026-01-20,Dallas-Fort Worth,Sales,28,5,6172.31,2285.32,3518.29,2294.23,0.17857142857142858,457.064,8097.84,-1925.5299999999997,-0.3119626201535567,-0.9040798432307335,0.39095576299639734,2.707998720060789,-1.4406277279947304,True,CAC above baseline
2026-01-21,Austin,Sales,55,8,4420.75,2413.53,3958.41,1864.63,0.14545454545454545,301.69125,8236.57,-3815.8199999999997,-0.8631612282983656,-1.6576222048460687,-0.8232186778200591,1.3650027422146003,-3.349514380672256,True,margin below baseline
2026-01-21,Oklahoma City,Operations,42,1,1353.6,2281.03,5031.22,2069.49,0.023809523809523808,2281.03,9381.74,-8028.139999999999,-5.930954491725768,-1.978427979848537,-2.1089685611762685,13.215625895514158,-12.072955149452362,True,conversion below baseline; CAC above baseline; margin below baseline
2026-01-22,Dallas-Fort Worth,Sales,42,4,3952.35,2350.05,2941.31,1924.98,0.09523809523809523,587.5125,7216.34,-3263.9900000000002,-0.8258352625653094,-1.2993297023196257,-2.219964385958127,3.268966903032798,-2.7288259209584,True,conversion below baseline; CAC above baseline; margin below baseline
2026-01-22,Oklahoma City,Sales,34,5,6156.65,1642.23,4447.47,2076.19,0.14705882352941177,328.446,8165.890000000001,-2009.2400000000016,-0.326352805502993,-1.472331547878961,-0.5847193453779886,2.99872595559942,-3.5352673800457506,True,CAC above baseline; margin below baseline
2026-01-23,College Station,Marketing,77,3,3882.47,3163.28,3070.59,2666.62,0.03896103896103896,1054.4266666666667,8900.490000000002,-5018.020000000002,-1.292481332759816,-1.5312917283954164,-1.860682204354859,2.362513267263622,-2.4426052754482566,True,CAC above baseline; margin below baseline
2026-01-24,Dallas-Fort Worth,Marketing,57,5,4310.31,3591.56,3456.42,1358.96,0.08771929824561403,718.312,8406.939999999999,-4096.629999999998,-0.9504258394407822,-2.240480076678389,-1.2805290959483064,4.53711620610971,-6.276590385878949,True,revenue below baseline; CAC above baseline; margin below baseline
2026-01-24,Austin,Operations,34,4,4398.17,3129.2,4872.19,1972.19,0.11764705882352941,782.3,9973.58,-5575.41,-1.2676658701232557,-1.0700913383796062,0.19672308633220575,3.922918177637222,-1.3344940230566786,True,CAC above baseline
2026-01-24,Oklahoma City,Sales,36,6,6588.65,2587.5,2991.99,2750.83,0.16666666666666666,431.25,8330.32,-1741.67,-0.2643439854901991,-1.2445873630803035,-0.06239787886535266,4.16592635904275,-2.2158973808328524,True,CAC above baseline; margin below baseline
2026-01-29,Austin,Operations,35,2,2630.98,2505.33,4876.61,1568.64,0.05714285714285714,1252.665,8950.58,-6319.6,-2.4019946939923527,-1.6385438422748715,-1.4440266492283949,4.833334432298237,-2.7964713272480277,True,CAC above baseline; margin below baseline
2026-01-29,Austin,Marketing,55,7,6825.81,4179.01,5004.96,2313.15,0.12727272727272726,597.0014285714286,11497.12,-4671.31,-0.6843598049169256,-1.085042088153449,0.5620462725719276,3.4691368379510426,-2.5037113813356813,True,CAC above baseline; margin below baseline
2026-01-30,Austin,Sales,44,5,4525.09,2252.6,3709.45,2978.31,0.11363636363636363,450.52,8940.359999999999,-4415.269999999999,-0.9757308694412704,-1.8288559457433078,-1.7222570561572124,3.54119636560261,-3.1550143563206006,True,CAC above baseline; margin below baseline
2026-02-01,Austin,Marketing,64,4,4488.48,3556.59,4075.36,1292.04,0.0625,889.1475,8923.990000000002,-4435.510000000002,-0.9881986775032979,-1.8607795963433993,-1.9762513870352798,4.895215697168087,-3.0411471832025856,True,CAC above baseline; margin below baseline
2026-02-01,College Station,Sales,61,10,10124.21,2785.85,3758.37,2613.71,0.16393442622950818,278.585,9157.93,966.2799999999988,0.09544250860067095,-0.7417621493722052,-0.8214616536433508,2.315570985503484,-1.3028527185954468,True,CAC above baseline
2026-02-03,Dallas-Fort Worth,Operations,55,3,3831.08,1879.86,5267.74,1968.25,0.05454545454545454,626.62,9115.849999999999,-5284.769999999999,-1.3794465268279437,-1.2379556034796158,-2.4035223280069005,3.3119873206981043,-2.8852107793277897,True,conversion below baseline; CAC above baseline; margin below baseline
2026-02-03,Austin,Operations,62,4,4508.02,2393.91,5277.23,2336.14,0.06451612903225806,598.4775,10007.279999999999,-5499.259999999998,-1.2198836739854744,-1.15183252856312,-2.147777023021036,0.6256121752090517,-1.0276682236951586,True,conversion below baseline
2026-02-04,Dallas-Fort Worth,Operations,52,3,3850.51,1786.57,5482.63,1469.19,0.057692307692307696,595.5233333333333,8738.39,-4887.879999999999,-1.2694110650277493,-1.0651662586559278,-1.7817671362884504,2.144759773250759,-1.9123423048969723,True,CAC above baseline
2026-02-06,Dallas-Fort Worth,Operations,55,4,3419.23,2570.2,4870.16,2452.2,0.07272727272727272,642.55,9892.56,-6473.33,-1.8932127993729582,-1.0215540124032259,-1.0806935518920056,1.9326545471291754,-2.6020531144983274,True,margin below baseline
2026-02-06,College Station,Operations,57,1,1204.21,1718.11,5426.4,2360.53,0.017543859649122806,1718.11,9505.039999999999,-8300.829999999998,-6.893174778485478,-2.455783684312263,-2.755790639353159,11.95188145912916,-17.459529232230686,True,revenue below baseline; conversion below baseline; CAC above baseline; margin below baseline
2026-02-06,Oklahoma City,Marketing,64,4,4688.21,3048.93,3292.31,1432.64,0.0625,762.2325,7773.88,-3085.67,-0.6581765748547953,-2.1164562026219578,-2.8946089158977366,4.354493717399177,-3.767345013933827,True,revenue below baseline; conversion below baseline; CAC above baseline; margin below baseline
2026-02-09,Dallas-Fort Worth,Marketing,79,7,6190.0,3391.89,3659.41,2259.69,0.08860759493670886,484.55571428571426,9310.99,-3120.99,-0.5041987075928918,-1.7312584600463388,-1.0132349588265008,0.6872835612517686,-2.323070833769596,True,margin below baseline
2026-02-09,Austin,Sales,71,6,8570.74,2413.71,3011.95,2707.34,0.08450704225352113,402.285,8133.0,437.7399999999998,0.051073769592823934,-0.465925030495466,-2.5151715656337554,1.93648473412611,-0.26891015122362955,True,conversion below baseline
2026-02-10,Austin,Marketing,71,2,1973.22,2974.67,4275.33,3576.58,0.028169014084507043,1487.335,10826.58,-8853.36,-4.486757685407608,-1.8797156435276083,-3.005417247039278,5.904013076289146,-10.298832796604929,True,conversion below baseline; CAC above baseline; margin below baseline
2026-02-10,College Station,Marketing,74,3,3866.61,2869.89,4389.96,2291.21,0.04054054054054054,956.63,9551.060000000001,-5684.450000000001,-1.4701379244350996,-1.8425688266764026,-2.084232008679477,3.959633705757175,-4.379744082858116,True,conversion below baseline; CAC above baseline; margin below baseline
2026-02-11,Dallas-Fort Worth,Sales,45,4,4917.88,1488.74,3284.11,2035.37,0.08888888888888889,372.185,6808.22,-1890.3400000000001,-0.3843810747720563,-2.23444459543946,-3.407303564774034,2.9501464699823683,-5.000592114460841,True,revenue below baseline; conversion below baseline; CAC above baseline; margin below baseline
2026-02-13,Dallas-Fort Worth,Sales,20,4,3848.57,1188.49,3534.66,3297.95,0.2,297.1225,8021.099999999999,-4172.529999999999,-1.0841767201843797,-2.28528295749193,0.6859969278552837,1.3559229536319644,-5.718044683296037,True,revenue below baseline; margin below baseline
2026-02-13,College Station,Sales,40,5,7833.5,2027.92,3383.47,2521.04,0.125,405.584,7932.429999999999,-98.92999999999938,-0.01262909299802124,-2.0636852523006035,-2.1016266965215094,3.9139060660331895,-2.534869212497884,True,revenue below baseline; conversion below baseline; CAC above baseline; margin below baseline
2026-02-14,Austin,Operations,54,3,3483.32,2234.12,5406.86,2756.47,0.05555555555555555,744.7066666666666,10397.449999999999,-6914.129999999999,-1.9849253011494778,-1.0582440281552157,-1.2873119547104606,1.5765809338406624,-2.02141553748633,True,margin below baseline
2026-02-14,Oklahoma City,Sales,45,5,5666.16,1925.9,2718.15,2146.74,0.1111111111111111,385.18,6790.79,-1124.63,-0.19848186426080452,-1.9832280374125635,-2.85142554485037,2.6520514280614864,-2.222766321638739,True,conversion below baseline; CAC above baseline; margin below baseline
2026-02-15,Oklahoma City,Sales,30,5,5442.3,2056.41,4710.24,2526.95,0.16666666666666666,411.282,9293.599999999999,-3851.2999999999984,-0.70766036418426,-1.6857678384266543,-0.12911455929190052,2.3362884922588427,-3.801108029213508,True,CAC above baseline; margin below baseline
2026-02-16,College Station,Sales,85,8,7894.5,2608.79,3354.27,2449.91,0.09411764705882353,326.09875,8412.97,-518.4699999999993,-0.06567483691177393,-2.023024629281488,-3.320876220449403,1.6792237528847849,-2.6577875072431287,True,revenue below baseline; conversion below baseline; margin below baseline
2026-02-18,Dallas-Fort Worth,Operations,45,2,2587.86,1760.45,5257.76,2082.61,0.044444444444444446,880.225,9100.82,-6512.959999999999,-2.516735835787098,-1.6053246400764474,-1.8966395458702916,2.7191407724952494,-3.2898980269509677,True,CAC above baseline; margin below baseline
2026-02-18,Austin,Sales,56,7,5207.19,1306.45,3336.85,1802.03,0.125,186.6357142857143,6445.33,-1238.1400000000003,-0.23777507638476805,-1.7073191745606426,-1.1096251688438494,-0.2072760953462773,-2.3041413253193417,True,margin below baseline
2026-02-19,College Station,Sales,38,4,5361.12,2195.96,3414.1,2170.08,0.10526315789473684,548.99,7780.139999999999,-2419.0199999999995,-0.4512154176739188,-2.4385794156069185,-1.9317611848714733,4.206849757009641,-3.7507979480451943,True,revenue below baseline; CAC above baseline; margin below baseline
2026-02-20,Austin,Sales,54,6,6731.35,2650.28,3861.4,1632.21,0.1111111111111111,441.71333333333337,8143.89,-1412.54,-0.2098449790903756,-1.0281381301911472,-1.3897967261216393,2.9944951238693682,-1.6697939307275163,True,CAC above baseline
2026-02-20,College Station,Marketing,65,3,2570.75,3932.04,4113.57,2134.48,0.046153846153846156,1310.68,10180.09,-7609.34,-2.959968880676845,-1.9107278159875245,-1.4862546414168545,4.168884255774634,-5.580914793706666,True,CAC above baseline; margin below baseline
2026-02-20,Oklahoma City,Operations,67,3,3380.66,1176.27,5024.22,1571.43,0.04477611940298507,392.09,7771.92,-4391.26,-1.2989357107783688,-2.2179341336459886,-2.374690863161529,1.2736938792717964,-3.0742239420834743,True,revenue below baseline; conversion below baseline; margin below baseline
2026-02-20,Oklahoma City,Marketing,63,5,6732.43,3116.42,4000.31,2880.15,0.07936507936507936,623.284,9996.88,-3264.449999999999,-0.4848843582480618,-1.1650074879284555,-1.2035383533977728,1.84893731921377,-2.17001082358245,True,margin below baseline
2026-02-21,Austin,Sales,39,7,3857.92,2413.05,3425.1,2520.88,0.1794871794871795,344.7214285714286,8359.029999999999,-4501.109999999999,-1.166719372096881,-1.8404787789465287,0.0756002958082689,1.379252112547973,-5.3544004474163485,True,margin below baseline
2026-02-21,College Station,Sales,20,3,4279.63,665.44,4490.78,2241.1,0.15,221.81333333333336,7397.32,-3117.6899999999996,-0.7284952203812011,-1.981704840459644,-0.39832822532947415,-0.06205754880523593,-3.2892670616112025,True,margin below baseline
2026-02-21,Oklahoma City,Operations,61,6,4581.99,1704.52,5744.63,3286.22,0.09836065573770492,284.08666666666664,10735.369999999999,-6153.379999999999,-1.3429492425780063,-1.1988561349656783,-0.21183309312338977,0.09953340164995644,-2.307263132372903,True,margin below baseline
2026-02-22,Dallas-Fort Worth,Operations,37,1,1197.97,1540.02,4478.89,2313.75,0.02702702702702703,1540.02,8332.66,-7134.69,-5.955649974540264,-2.091987779686012,-2.494132733194972,5.539694722777196,-7.553949904580488,True,revenue below baseline; conversion below baseline; CAC above baseline; margin below baseline
2026-02-23,College Station,Operations,36,2,2524.8,1608.3,4544.75,2106.1,0.05555555555555555,804.15,8259.15,-5734.349999999999,-2.271209600760456,-1.6647688231707245,-1.6012176850119448,2.3415339101336348,-2.355359159179654,True,CAC above baseline; margin below baseline
2026-02-26,Austin,Operations,52,2,2077.54,1171.15,4121.71,2455.25,0.038461538461538464,585.575,7748.110000000001,-5670.570000000001,-2.7294636926364837,-1.7966338592106392,-2.6740070745839692,1.2173583855207823,-3.882867793186746,True,conversion below baseline; margin below baseline
2026-02-27,Austin,Operations,64,2,2869.51,1221.27,4176.78,1851.03,0.03125,610.635,7249.079999999999,-4379.569999999999,-1.5262431564971017,-1.1842139090825547,-2.359134004167371,1.2029812424537358,-0.940698109538271,True,conversion below baseline
2026-02-28,Dallas-Fort Worth,Marketing,99,7,4771.61,3274.95,4020.4,1995.79,0.0707070707070707,467.84999999999997,9291.14,-4519.53,-0.9471708710477177,-2.5142013004498627,-2.992131646526251,1.6104155576096395,-5.555616671526726,True,revenue below baseline; conversion below baseline; margin below baseline
2026-03-01,Austin,Operations,52,2,2183.0,2051.31,4772.88,1994.05,0.038461538461538464,1025.655,8818.24,-6635.24,-3.039505267979844,-1.4114361800482673,-1.817610743538867,4.291332729463283,-3.129661415918943,True,CAC above baseline; margin below baseline
2026-03-02,Oklahoma City,Operations,54,3,2696.21,2258.91,5204.44,2576.74,0.05555555555555555,752.9699999999999,10040.09,-7343.88,-2.723778934133469,-1.9955037640021973,-1.702547195971634,5.09918025129691,-5.1163041053281075,True,CAC above baseline; margin below baseline
2026-03-02,Oklahoma City,Marketing,69,5,5825.79,3822.28,3645.24,2291.5,0.07246376811594203,764.456,9759.02,-3933.2300000000005,-0.6751410538313259,-1.451470866656033,-1.7845290733564143,3.149530747877466,-3.0254430373572436,True,CAC above baseline; margin below baseline
2026-03-03,Dallas-Fort Worth,Marketing,92,2,1779.12,3380.23,3041.67,3043.22,0.021739130434782608,1690.115,9465.119999999999,-7685.999999999999,-4.320113314447592,-2.7446807102676507,-4.431211483924276,15.508205253472097,-11.889685595716273,True,revenue below baseline; conversion below baseline; CAC above baseline; margin below baseline
2026-03-03,Austin,Marketing,81,6,7178.09,3082.86,2600.85,2409.13,0.07407407407407407,513.8100000000001,8092.84,-914.75,-0.12743640717795401,-1.3161467872387265,-1.7046255002443738,2.10497406174276,-1.4082583992617193,True,CAC above baseline
2026-03-03,College Station,Sales,21,3,2795.08,1915.65,3398.37,2608.48,0.14285714285714285,638.5500000000001,7922.5,-5127.42,-1.8344448101664355,-1.6490743964789558,-0.3610861705319675,3.6877706133719497,-4.802396909366906,True,CAC above baseline; margin below baseline
2026-03-05,Austin,Marketing,67,3,3770.04,3445.94,3156.39,2463.1,0.04477611940298507,1148.6466666666668,9065.43,-5295.39,-1.4045978292007513,-2.2176613279366126,-2.714834881967364,8.972722883110942,-6.865374529514181,True,revenue below baseline; conversion below baseline; CAC above baseline; margin below baseline
2026-03-07,Austin,Sales,56,6,4111.38,1897.78,4901.79,1839.52,0.10714285714285714,316.2966666666667,8639.09,-4527.71,-1.1012628363225974,-1.8973524901175647,-2.6898975749458502,1.9122601674034605,-2.8620159893102186,True,conversion below baseline; margin below baseline
2026-03-07,Oklahoma City,Sales,42,5,7796.22,1908.18,3342.98,1907.48,0.11904761904761904,381.636,7158.639999999999,637.5800000000008,0.08178065780596248,-0.9163530384748656,-1.745737017318995,3.24973224834726,-1.1269960370185677,True,CAC above baseline
2026-03-08,College Station,Marketing,52,4,5263.19,3466.38,4303.36,1647.07,0.07692307692307693,866.595,9416.81,-4153.62,-0.7891829859837856,-1.5847791459078446,-1.2447314481060885,3.1621340621031835,-2.214762907145104,True,CAC above baseline; margin below baseline
2026-03-08,Oklahoma City,Sales,57,6,6246.57,2038.19,2290.65,2608.35,0.10526315789473684,339.6983333333333,6937.1900000000005,-690.6200000000008,-0.11055987525954257,-1.2629860845118712,-2.0213423614839447,1.8332160082086526,-2.0376699790213055,True,conversion below baseline; margin below baseline
2026-03-08,Oklahoma City,Marketing,81,5,5876.85,3779.0,3652.19,2560.85,0.06172839506172839,755.8,9992.04,-4115.1900000000005,-0.7002373720615637,-1.1580343798089605,-1.5750172341972986,1.8381498587080565,-2.243643191531347,True,margin below baseline
2026-03-10,Dallas-Fort Worth,Sales,39,5,6294.81,2273.14,3599.52,2967.05,0.1282051282051282,454.628,8839.71,-2544.8999999999987,-0.40428543514418996,-1.5188466519483332,-1.5440558243039944,3.749261317003846,-3.0976137327681377,True,CAC above baseline; margin below baseline
2026-03-13,Oklahoma City,Operations,44,2,2692.45,1466.96,5669.18,2307.34,0.045454545454545456,733.48,9443.48,-6751.03,-2.5073928949469813,-1.5146255389456573,-1.6029665363063863,2.4136863251839875,-2.561650085839188,True,CAC above baseline; margin below baseline
2026-03-14,Austin,Sales,58,7,8561.38,2460.85,4824.12,2743.35,0.1206896551724138,351.55,10028.32,-1466.9400000000005,-0.17134387213276372,-0.751627057444069,-1.4718644539711316,2.13626358892308,-0.9323102123465036,True,CAC above baseline
2026-03-15,Dallas-Fort Worth,Sales,70,8,9807.55,2497.43,3186.6,2469.77,0.11428571428571428,312.17875,8153.799999999999,1653.75,0.1686200937033204,-0.46468039754661494,-2.380536380420606,1.1195983793587418,-0.4187165349629057,True,conversion below baseline
2026-03-15,Oklahoma City,Marketing,83,7,9493.07,6001.94,3720.33,1646.54,0.08433734939759036,857.42,11368.810000000001,-1875.7400000000016,-0.197590452825061,-0.1904413318130668,-0.7609262396883584,2.1423097933016657,-0.45359065856843017,True,CAC above baseline
2026-03-17,College Station,Operations,40,2,1538.91,1325.61,5734.82,1731.15,0.05,662.805,8791.58,-7252.67,-4.712861700814212,-1.9209954749644758,-2.6470421864210762,2.5768286322064515,-6.953127924918719,True,conversion below baseline; CAC above baseline; margin below baseline
2026-03-19,Austin,Operations,36,3,4097.05,2126.88,5128.8,1863.73,0.08333333333333333,708.96,9119.41,-5022.36,-1.2258478661475938,-0.9152820554400455,-0.606160688563431,2.578721104943044,-1.0954489445517948,True,CAC above baseline
2026-03-20,College Station,Operations,52,3,3434.84,2066.08,4763.72,1802.18,0.057692307692307696,688.6933333333333,8631.98,-5197.139999999999,-1.513066110794098,-1.222667838824281,-2.0032973176303956,2.6818438113799443,-0.7566795620403518,True,conversion below baseline; CAC above baseline
2026-03-21,Dallas-Fort Worth,Operations,44,3,4289.88,2844.74,5156.41,2031.97,0.06818181818181818,948.2466666666666,10033.119999999999,-5743.239999999999,-1.3387880313668445,-1.548974285243983,-1.7128821868365698,6.2516963895822055,-3.2105112246074197,True,CAC above baseline; margin below baseline
2026-03-21,Oklahoma City,Sales,58,6,5619.8,2245.28,3139.81,2606.22,0.10344827586206896,374.21333333333337,7991.3099999999995,-2371.5099999999993,-0.4219918858322359,-1.3756713709976667,-1.3499295142283483,1.5820927543440457,-2.4917001131687315,True,margin below baseline
2026-03-21,Oklahoma City,Operations,39,2,3087.87,2209.23,4922.98,2311.86,0.05128205128205128,1104.615,9444.07,-6356.2,-2.0584415794706383,-1.3080776786470532,-1.3312560072520077,3.968152790685308,-2.0300948732554005,True,CAC above baseline; margin below baseline
2026-03-22,College Station,Sales,48,6,6805.2,2404.84,4046.24,1053.15,0.125,400.8066666666667,7504.23,-699.0299999999997,-0.10271997883971078,-1.043321851079255,-1.6105239016170063,2.8607127500000002,-1.295115193806766,True,CAC above baseline
2026-03-22,College Station,Operations,65,2,3095.72,2180.41,4763.25,2253.47,0.03076923076923077,1090.205,9197.13,-6101.41,-1.9709179124727043,-1.1712082890604993,-2.6807430324721473,4.412456485906064,-1.0044641778659171,True,conversion below baseline; CAC above baseline
2026-03-22,Oklahoma City,Sales,30,5,4746.23,1718.05,3175.14,3473.14,0.16666666666666666,343.61,8366.33,-3620.1000000000004,-0.7627316838838406,-1.494436205604681,0.028841093427277722,1.2921083673441898,-3.0939129061960977,True,margin below baseline
2026-03-23,Austin,Operations,48,3,3826.86,2072.56,5506.15,2311.56,0.0625,690.8533333333334,9890.269999999999,-6063.409999999998,-1.5844347585226524,-0.9170002604081089,-1.5229194802247639,2.749455736275115,-2.289131858071915,True,CAC above baseline; margin below baseline
2026-03-23,College Station,Marketing,77,2,2124.88,3813.81,3110.25,2267.51,0.025974025974025976,1906.905,9191.57,-7066.69,-3.325688980083581,-2.6164043500635903,-3.747126460526876,15.831592653433955,-13.094895695912268,True,revenue below baseline; conversion below baseline; CAC above baseline; margin below baseline
2026-03-24,Dallas-Fort Worth,Sales,44,6,7640.54,2838.02,3577.63,2305.15,0.13636363636363635,473.00333333333333,8720.8,-1080.2599999999993,-0.14138529475665323,-0.9629977669750763,-1.3306814473103021,2.5464689241297105,-1.45417126287375,True,CAC above baseline
2026-03-25,Dallas-Fort Worth,Operations,54,3,2603.58,1437.11,4526.79,1790.53,0.05555555555555555,479.03666666666663,7754.429999999999,-5150.849999999999,-1.9783720876639088,-2.420381254349613,-2.4249826251743087,0.5231034984888202,-3.909501290068711,True,revenue below baseline; conversion below baseline; margin below baseline
2026-03-26,Dallas-Fort Worth,Sales,38,5,5226.02,2392.82,4683.55,2364.97,0.13157894736842105,478.564,9441.34,-4215.32,-0.8066023474843187,-1.5976534746296878,-1.3670662276764813,2.433026478355874,-4.589092174299659,True,CAC above baseline; margin below baseline
2026-03-27,Oklahoma City,Operations,40,1,999.09,2256.27,5480.2,2771.18,0.025,2256.27,10507.65,-9508.56,-9.517220670810437,-1.7545338818416125,-2.3822052198932373,6.639183709169537,-10.313513457000475,True,conversion below baseline; CAC above baseline; margin below baseline
2026-03-28,Oklahoma City,Marketing,50,3,3213.68,3511.04,2620.73,1799.97,0.06,1170.3466666666666,7931.740000000001,-4718.060000000001,-1.4681175474845043,-2.0965580347284676,-2.0015266994159604,5.062570319169539,-6.400778461946777,True,revenue below baseline; conversion below baseline; CAC above baseline; margin below baseline
2026-03-29,College Station,Sales,45,6,7257.5,1516.99,4528.98,2290.9,0.13333333333333333,252.83166666666668,8336.869999999999,-1079.369999999999,-0.14872476748191513,-1.2822224253056824,-1.173096776291144,0.5950917499112821,-2.036773276924197,True,margin below baseline
2026-03-30,Dallas-Fort Worth,Marketing,85,6,8147.65,3986.95,4274.23,2069.9,0.07058823529411765,664.4916666666667,10331.08,-2183.4300000000003,-0.26798279258436486,-0.9428138371375431,-1.7162314152236984,2.6658726207748336,-1.513001387858419,True,CAC above baseline
2026-03-30,Oklahoma City,Operations,42,1,1507.48,1072.97,4379.74,2801.37,0.023809523809523808,1072.97,8254.08,-6746.6,-4.475415925916098,-1.385345605869353,-2.1379281840299615,0.8970559273457929,-1.2444737370842294,True,conversion below baseline
2026-04-02,Austin,Sales,54,5,5621.59,2701.5,2829.23,1648.4,0.09259259259259259,540.3,7179.129999999999,-1557.539999999999,-0.27706396233094177,-1.549500890503497,-2.005951141989661,3.1742190329406603,-1.938292729280232,True,conversion below baseline; CAC above baseline
2026-04-02,Oklahoma City,Marketing,68,3,4405.81,3310.52,3346.42,1746.21,0.04411764705882353,1103.5066666666667,8403.150000000001,-3997.340000000001,-0.9072883306361375,-1.4142806978490812,-2.15839174370805,2.820514099851137,-1.9627320841252165,True,conversion below baseline; CAC above baseline
2026-04-03,Dallas-Fort Worth,Sales,30,4,5016.23,1577.83,4587.29,2659.49,0.13333333333333333,394.4575,8824.61,-3808.380000000001,-0.7592115991491621,-1.3383695637056856,-1.0167692421115513,1.0691294430892,-2.4824057433118956,True,margin below baseline
2026-04-03,Dallas-Fort Worth,Marketing,63,3,3202.83,3850.43,3451.73,949.91,0.047619047619047616,1283.4766666666667,8252.07,-5049.24,-1.5764932887477636,-2.1463357171186765,-2.1812329568510176,7.091727507520336,-5.227359529964666,True,revenue below baseline; conversion below baseline; CAC above baseline; margin below baseline
2026-04-05,Austin,Operations,45,2,1831.8,1854.1,4381.66,2107.37,0.044444444444444446,927.05,8343.130000000001,-6511.330000000001,-3.554607489900645,-1.912937551754496,-2.2098679576077456,3.5508933879278564,-5.856438084980807,True,conversion below baseline; CAC above baseline; margin below baseline
2026-04-06,Austin,Marketing,63,5,7585.75,2927.89,3873.41,2261.51,0.07936507936507936,585.578,9062.81,-1477.0599999999995,-0.19471509079524102,-1.1522860348385997,-1.4771994900084753,2.3662434939440202,-1.4003133434032071,True,CAC above baseline
2026-04-06,College Station,Sales,38,4,5156.72,1660.44,3430.59,2720.9,0.10526315789473684,415.11,7811.93,-2655.21,-0.5149028840037854,-2.1600914938820965,-1.7526059215617642,3.566118715567729,-4.132909232356847,True,revenue below baseline; CAC above baseline; margin below baseline
2026-04-07,Dallas-Fort Worth,Marketing,63,3,4313.35,3425.95,3398.84,1484.57,0.047619047619047616,1141.9833333333333,8309.36,-3996.01,-0.9264284141096827,-1.475604714456533,-1.6922426244305746,2.5085444380621325,-1.6382309021743027,True,CAC above baseline
2026-04-07,Austin,Sales,45,7,3764.96,2192.81,3117.58,2059.22,0.15555555555555556,313.25857142857143,7369.609999999999,-3604.6499999999987,-0.9574205303642,-1.7660133901661872,-0.44422665951493145,0.6493253687823347,-4.857660348041316,True,margin below baseline
2026-04-07,Austin,Operations,53,2,2691.31,1818.09,3670.5,2004.54,0.03773584905660377,909.045,7493.13,-4801.82,-1.7841943142930394,-1.4120365121108391,-2.195239527462013,2.6655399978086023,-1.213787103011105,True,conversion below baseline; CAC above baseline
2026-04-07,Austin,Marketing,75,6,7576.74,3742.0,3808.0,1494.46,0.08,623.6666666666666,9044.46,-1467.7199999999993,-0.1937139191789608,-1.004379734607207,-1.2614961812187246,2.1565391324968757,-1.2036397325546904,True,CAC above baseline
2026-04-08,College Station,Sales,29,6,4299.46,1879.54,3749.86,1950.3,0.20689655172413793,313.25666666666666,7579.7,-3280.24,-0.7629423229893986,-1.8188956209993998,1.8039518367794134,1.2054416302005844,-3.041828525594683,True,margin below baseline
2026-04-09,Dallas-Fort Worth,Operations,31,2,2480.01,1298.86,4846.78,1529.9,0.06451612903225806,649.43,7675.539999999999,-5195.529999999999,-2.0949633267607783,-1.4900418194450382,-1.456053834436735,2.468556815262161,-2.9382262666530696,True,CAC above baseline; margin below baseline
2026-04-10,Oklahoma City,Sales,36,5,5388.94,2086.36,3063.25,1710.25,0.1388888888888889,417.27200000000005,6859.860000000001,-1470.920000000001,-0.2729516379844647,-1.4463941324858356,-0.7047725687050937,2.0435810340659883,-1.2222190025528294,True,CAC above baseline
2026-04-12,Dallas-Fort Worth,Operations,38,1,1122.12,1279.98,4985.89,2840.69,0.02631578947368421,1279.98,9106.560000000001,-7984.440000000001,-7.115495668912418,-2.2477733523356185,-2.7364149270770084,6.694836462452481,-10.249944011663489,True,revenue below baseline; conversion below baseline; CAC above baseline; margin below baseline
2026-04-12,Austin,Sales,20,4,4636.44,2471.74,3044.16,2298.7,0.2,617.935,7814.599999999999,-3178.16,-0.6854742000327838,-1.4800068079917987,0.7968491085116128,3.528794877274361,-2.1975718889329534,True,CAC above baseline; margin below baseline
2026-04-12,Austin,Operations,56,2,2446.26,2158.52,4425.94,2462.75,0.03571428571428571,1079.26,9047.21,-6600.949999999999,-2.6983844726235144,-1.3040530377282349,-1.7396382985322216,2.5484354345050324,-1.9412638101118382,True,CAC above baseline
2026-04-14,Oklahoma City,Marketing,86,4,5926.74,2249.74,3909.81,1974.78,0.046511627906976744,562.435,8134.329999999999,-2207.5899999999992,-0.37247964310902776,-1.0128752854492378,-2.130258259829067,0.48223414960920974,-0.7225652811514893,True,conversion below baseline
2026-04-15,Oklahoma City,Operations,62,4,4627.59,2495.48,7153.31,2177.4,0.06451612903225806,623.87,11826.19,-7198.6,-1.5555829276145898,-0.7711777425530002,-1.5933728247175967,2.1583051164915115,-2.1193741026416593,True,CAC above baseline; margin below baseline
2026-04-15,Oklahoma City,Marketing,80,5,6100.42,5704.52,3258.85,3084.89,0.0625,1140.904,12048.26,-5947.84,-0.9749886073417896,-0.8747775469404082,-1.3212548965399948,3.096563358719346,-2.0701404323443473,True,CAC above baseline; margin below baseline
2026-04-20,Austin,Sales,68,7,8443.67,1980.88,3518.88,1773.36,0.10294117647058823,282.98285714285714,7273.12,1170.5500000000002,0.13863047703190676,-0.6082399682968384,-2.5688942464699287,0.3740542034429402,-0.08948530380393799,True,conversion below baseline
2026-04-21,College Station,Sales,32,4,4337.36,1766.17,2600.71,2637.94,0.125,441.5425,7004.82,-2667.46,-0.6149962188981316,-1.4816383342231725,-1.0857416373579085,3.6668843208818127,-2.051294696993677,True,CAC above baseline; margin below baseline
2026-04-21,Oklahoma City,Marketing,68,4,5133.66,3582.93,3486.5,1881.58,0.058823529411764705,895.7325,8951.01,-3817.3500000000004,-0.7435922908801909,-1.6884156921454232,-1.6126180301485018,2.0351502429465227,-2.0793004941446753,True,CAC above baseline; margin below baseline
2026-04-22,Dallas-Fort Worth,Marketing,62,4,5101.62,3523.97,3252.66,2479.69,0.06451612903225806,880.9925,9256.32,-4154.7,-0.8143883707528197,-0.9983600193172798,-1.2050977031757637,2.6152956798739413,-1.454793906151428,True,CAC above baseline
2026-04-22,Oklahoma City,Sales,35,4,4594.53,2485.66,3828.62,1760.14,0.11428571428571428,621.415,8074.42,-3479.8900000000003,-0.7573984716608664,-2.503892621117157,-2.4153033452554333,4.295286092847426,-4.7109711763641995,True,revenue below baseline; conversion below baseline; CAC above baseline; margin below baseline
2026-04-22,Oklahoma City,Operations,42,3,3049.25,1872.1,5667.48,3553.32,0.07142857142857142,624.0333333333333,11092.9,-8043.65,-2.637910961711896,-1.2875677479809553,-1.217765982328674,1.6520624491159108,-3.400707681335544,True,margin below baseline
2026-04-24,Oklahoma City,Sales,76,7,7308.28,1678.86,2800.25,830.92,0.09210526315789473,239.83714285714285,5310.03,1998.25,0.27342274789690596,-0.9537172991816518,-2.744812274787096,0.045938241480536234,0.21283461390999958,True,conversion below baseline
2026-04-25,Dallas-Fort Worth,Sales,66,8,8769.45,1870.95,4201.03,2786.88,0.12121212121212122,233.86875,8858.86,-89.40999999999985,-0.010195622302424878,-1.3935024539932295,-2.1286461620307424,1.3013677030732365,-3.0571036110499477,True,conversion below baseline; margin below baseline
2026-04-27,Dallas-Fort Worth,Sales,45,7,10644.72,2955.92,3474.3,2246.41,0.15555555555555556,422.2742857142857,8676.630000000001,1968.0899999999983,0.1848888463012647,-0.4102464402639856,-0.6095257046924135,5.117443455379244,-0.8837294481182811,True,CAC above baseline
2026-04-27,Austin,Marketing,72,3,2899.9,3004.17,3892.32,2014.87,0.041666666666666664,1001.39,8911.36,-6011.460000000001,-2.072988723749095,-2.46096235807318,-2.592299111211533,10.780344226442475,-10.364281590677336,True,revenue below baseline; conversion below baseline; CAC above baseline; margin below baseline
2026-04-27,College Station,Operations,35,2,2213.9,1834.06,5719.04,2235.8,0.05714285714285714,917.03,9788.900000000001,-7575.000000000002,-3.421563756267221,-2.344491859376906,-1.8991974029750749,5.8329704401478,-9.086185549540119,True,revenue below baseline; CAC above baseline; margin below baseline
2026-04-28,Austin,Marketing,90,4,3828.38,3091.61,2388.55,1392.52,0.044444444444444446,772.9025,6872.68,-3044.3,-0.7951927447118625,-1.7739421149747172,-1.902011901025856,2.1230086713462892,-1.347346866186101,True,CAC above baseline
2026-04-28,College Station,Sales,43,4,4291.44,1752.69,4622.05,2634.79,0.09302325581395349,438.1725,9009.529999999999,-4718.089999999999,-1.0994188430922953,-1.842672783571046,-1.945335941128521,2.478270560701727,-4.207001445150141,True,CAC above baseline; margin below baseline
2026-04-28,College Station,Operations,25,2,2089.16,2005.03,4794.26,2375.19,0.08,1002.515,9174.48,-7085.32,-3.3914683413429323,-1.9929168871344785,-0.979446496032617,3.4397764187289894,-3.2237694864002058,True,CAC above baseline; margin below baseline
2026-04-29,Austin,Marketing,79,3,3792.15,3453.42,2719.85,2295.96,0.0379746835443038,1151.14,8469.23,-4677.08,-1.233358385084978,-1.4819750084739836,-1.7215018856221542,3.42422671411298,-1.789081993128931,True,CAC above baseline
2026-04-29,College Station,Operations,57,2,1583.68,1788.08,5328.66,1786.25,0.03508771929824561,894.04,8902.99,-7319.3099999999995,-4.621710193978581,-1.8180807447788285,-2.435221313570499,1.9480937133678584,-3.256786477101435,True,conversion below baseline; margin below baseline
